Instance name,vCPUs,Memory,Network Performance,Storage,On-Demand Hourly Cost,CurrentGeneration,Potential Effective Hourly Cost (Savings %)
t4g.nano,2,0.5 GiB,Up to 5 Gigabit,EBS only,0.0042,Yes,0.0016 (63%)
t3a.nano,2,0.5 GiB,Up to 5 Gigabit,EBS only,0.0047,Yes,0.0018 (63%)
t3.nano,2,0.5 GiB,Up to 5 Gigabit,EBS only,0.0052,Yes,0.0019 (63%)
t2.nano,1,0.5 GiB,Low,EBS only,0.0058,Yes,0.0022 (63%)
t4g.micro,2,1 GiB,Up to 5 Gigabit,EBS only,0.0084,Yes,0.0032 (62%)
t3a.micro,2,1 GiB,Up to 5 Gigabit,EBS only,0.0094,Yes,0.0035 (62%)
t3.micro,2,1 GiB,Up to 5 Gigabit,EBS only,0.0104,Yes,0.0039 (62%)
t2.micro,1,1 GiB,Low to Moderate,EBS only,0.0116,Yes,0.0044 (62%)
t4g.small,2,2 GiB,Up to 5 Gigabit,EBS only,0.0168,Yes,0.0063 (62%)
t3a.small,2,2 GiB,Up to 5 Gigabit,EBS only,0.0188,Yes,0.0071 (62%)
t3.small,2,2 GiB,Up to 5 Gigabit,EBS only,0.0208,Yes,0.0078 (62%)
t2.small,1,2 GiB,Low to Moderate,EBS only,0.023,Yes,0.0087 (62%)
t4g.medium,2,4 GiB,Up to 5 Gigabit,EBS only,0.0336,Yes,0.0126 (62%)
c6g.medium,1,2 GiB,Up to 10 Gigabit,EBS only,0.034,Yes,0.0128 (62%)
c7g.medium,1,2 GiB,Up to 12500 Megabit,EBS only,0.0361,Yes,0.0139 (62%)
t3a.medium,2,4 GiB,Up to 5 Gigabit,EBS only,0.0376,Yes,0.0142 (62%)
c6gd.medium,1,2 GiB,Up to 10 Gigabit,1 x 59 NVMe SSD,0.0384,Yes,0.0144 (62%)
m6g.medium,1,4 GiB,Up to 10 Gigabit,EBS only,0.0385,Yes,0.0146 (62%)
m7g.medium,1,4 GiB,Up to 12500 Megabit,EBS only,0.0408,Yes,0.0161 (61%)
t3.medium,2,4 GiB,Up to 5 Gigabit,EBS only,0.0416,Yes,0.0156 (62%)
c6gn.medium,1,2 GiB,Up to 25 Gigabit,EBS only,0.0432,Yes,0.0161 (63%)
m6gd.medium,1,4 GiB,Up to 10 Gigabit,1 x 59 NVMe SSD,0.0452,Yes,0.0170 (62%)
c7gd.medium,1,2 GiB,Up to 12500 Megabit,1 x 59 NVMe SSD,0.0454,Yes,0.0165 (64%)
t2.medium,2,4 GiB,Low to Moderate,EBS only,0.0464,Yes,0.0174 (62%)
r6g.medium,1,8 GiB,Up to 10 Gigabit,EBS only,0.0504,Yes,0.0189 (62%)
c7a.medium,1,2 GiB,Up to 12500 Megabit,EBS only,0.05132,Yes,0.0197 (62%)
m7gd.medium,1,4 GiB,Up to 12500 Megabit,1 x 59 NVMe SSD,0.0534,Yes,0.0201 (62%)
r7g.medium,1,8 GiB,Up to 12500 Megabit,EBS only,0.0536,Yes,0.0212 (61%)
r6gd.medium,1,8 GiB,Up to 10 Gigabit,1 x 59 NVMe SSD,0.0576,Yes,0.0217 (62%)
m7a.medium,1,4 GiB,Up to 12500 Megabit,EBS only,0.05796,Yes,0.0229 (61%)
c7gn.medium,1,2 GiB,Up to 25 Gigabit,EBS only,0.0624,Yes,0.0197 (68%)
t4g.large,2,8 GiB,Up to 5 Gigabit,EBS only,0.0672,Yes,0.0253 (62%)
c6g.large,2,4 GiB,Up to 10 Gigabit,EBS only,0.068,Yes,0.0256 (62%)
r7gd.medium,1,8 GiB,Up to 12500 Megabit,1 x 59 NVMe SSD,0.068,Yes,0.0256 (62%)
c7g.large,2,4 GiB,Up to 12500 Megabit,EBS only,0.0723,Yes,0.0277 (62%)
t3a.large,2,8 GiB,Up to 5 Gigabit,EBS only,0.0752,Yes,0.0283 (62%)
r7a.medium,1,8 GiB,Up to 12500 Megabit,EBS only,0.07608,Yes,0.0300 (61%)
c6a.large,2,4 GiB,Up to 12500 Megabit,EBS only,0.0765,Yes,0.0293 (62%)
c6gd.large,2,4 GiB,Up to 10 Gigabit,1 x 118 NVMe SSD,0.0768,Yes,0.0289 (62%)
m6g.large,2,8 GiB,Up to 10 Gigabit,EBS only,0.077,Yes,0.0291 (62%)
c5a.large,2,4 GiB,Up to 10 Gigabit,EBS only,0.077,Yes,0.0290 (62%)
m7g.large,2,8 GiB,Up to 12500 Megabit,EBS only,0.0816,Yes,0.0322 (61%)
t3.large,2,8 GiB,Up to 5 Gigabit,EBS only,0.0832,Yes,0.0313 (62%)
x2gd.medium,1,16 GiB,Up to 10 Gigabit,1 x 59 SSD,0.0835,Yes,0.0248 (70%)
c6i.large,2,4 GiB,Up to 12500 Megabit,EBS only,0.085,Yes,0.0326 (62%)
c5.large,2,4 GiB,Up to 10 Gigabit,EBS only,0.085,Yes,0.0307 (64%)
c5ad.large,2,4 GiB,Up to 10 Gigabit,1 x 75 NVMe SSD,0.086,Yes,0.0323 (62%)
m5a.large,2,8 GiB,Up to 10 Gigabit,EBS only,0.086,Yes,0.0323 (62%)
m6a.large,2,8 GiB,Up to 12500 Megabit,EBS only,0.0864,Yes,0.0341 (61%)
c6gn.large,2,4 GiB,Up to 25 Gigabit,EBS only,0.0864,Yes,0.0323 (63%)
c7i.large,2,4 GiB,Up to 12500 Megabit,EBS only,0.08925,Yes,0.0342 (62%)
m6gd.large,2,8 GiB,Up to 10 Gigabit,1 x 118 NVMe SSD,0.0904,Yes,0.0340 (62%)
c7gd.large,2,4 GiB,Up to 12500 Megabit,1 x 118 NVMe SSD,0.0907,Yes,0.0330 (64%)
t2.large,2,8 GiB,Low to Moderate,EBS only,0.0928,Yes,0.0349 (62%)
m7i-flex.large,2,8 GiB,Up to 12500 Megabit,EBS only,0.09576,Yes,0.0378 (61%)
m6i.large,2,8 GiB,Up to 12500 Megabit,EBS only,0.096,Yes,0.0379 (61%)
c5d.large,2,4 GiB,Up to 10 Gigabit,1 x 50 NVMe SSD,0.096,Yes,0.0347 (64%)
m5.large,2,8 GiB,Up to 10 Gigabit,EBS only,0.096,Yes,0.0361 (62%)
c4.large,2,3.75 GiB,Moderate,EBS only,0.1,Yes,0.0385 (61%)
m4.large,2,8 GiB,Moderate,EBS only,0.1,Yes,0.0376 (62%)
c6id.large,2,4 GiB,Up to 12500 Megabit,1 x 118 NVMe SSD,0.1008,Yes,0.0366 (64%)
r6g.large,2,16 GiB,Up to 10 Gigabit,EBS only,0.1008,Yes,0.0379 (62%)
m7i.large,2,8 GiB,Up to 12500 Megabit,EBS only,0.1008,Yes,0.0398 (61%)
c7a.large,2,4 GiB,Up to 12500 Megabit,EBS only,0.10264,Yes,0.0393 (62%)
m5ad.large,2,8 GiB,Up to 10 Gigabit,1 x 75 NVMe SSD,0.103,Yes,0.0387 (62%)
m7gd.large,2,8 GiB,Up to 12500 Megabit,1 x 118 NVMe SSD,0.1068,Yes,0.0401 (62%)
r7g.large,2,16 GiB,Up to 12500 Megabit,EBS only,0.1071,Yes,0.0423 (61%)
c5n.large,2,5.25 GiB,Up to 25 Gigabit,EBS only,0.108,Yes,0.0341 (68%)
m5d.large,2,8 GiB,Up to 10 Gigabit,1 x 75 NVMe SSD,0.113,Yes,0.0425 (62%)
r5a.large,2,16 GiB,Up to 10 Gigabit,EBS only,0.113,Yes,0.0425 (62%)
r6a.large,2,16 GiB,Up to 12500 Megabit,EBS only,0.1134,Yes,0.0448 (61%)
c6in.large,2,4 GiB,Up to 25000 Megabit,EBS only,0.1134,Yes,0.0358 (68%)
r6gd.large,2,16 GiB,Up to 10 Gigabit,1 x 118 NVMe SSD,0.1152,Yes,0.0433 (62%)
m7a.large,2,8 GiB,Up to 12500 Megabit,EBS only,0.11592,Yes,0.0458 (61%)
m6id.large,2,8 GiB,Up to 12500 Megabit,1 x 118 NVMe SSD,0.11865,Yes,0.0446 (62%)
m5n.large,2,8 GiB,Up to 25 Gigabit,EBS only,0.119,Yes,0.0399 (66%)
c7gn.large,2,4 GiB,Up to 30 Gigabit,EBS only,0.1248,Yes,0.0395 (68%)
r6i.large,2,16 GiB,Up to 12500 Megabit,EBS only,0.126,Yes,0.0497 (61%)
r5.large,2,16 GiB,Up to 10 Gigabit,EBS only,0.126,Yes,0.0474 (62%)
r5ad.large,2,16 GiB,Up to 10 Gigabit,1 x 75 NVMe SSD,0.131,Yes,0.0492 (62%)
r7i.large,2,16 GiB,Up to 12500 Megabit,EBS only,0.1323,Yes,0.0522 (61%)
r4.large,2,15.25 GiB,Up to 10 Gigabit,EBS only,0.133,Yes,0.0500 (62%)
t4g.xlarge,4,16 GiB,Up to 5 Gigabit,EBS only,0.1344,Yes,0.0505 (62%)
m5dn.large,2,8 GiB,Up to 25 Gigabit,1 x 75 NVMe SSD,0.136,Yes,0.0460 (66%)
c6g.xlarge,4,8 GiB,Up to 10 Gigabit,EBS only,0.136,Yes,0.0511 (62%)
r7gd.large,2,16 GiB,Up to 12500 Megabit,1 x 118 NVMe SSD,0.1361,Yes,0.0512 (62%)
m6in.large,2,8 GiB,Up to 25000 Megabit,EBS only,0.13923,Yes,0.0467 (66%)
r5d.large,2,16 GiB,Up to 10 Gigabit,1 x 75 NVMe SSD,0.144,Yes,0.0541 (62%)
is4gen.medium,1,6 GiB,Up to 25 Gigabit,1 x 937 SSD,0.14408,Yes,0.0545 (62%)
c7g.xlarge,4,8 GiB,Up to 12500 Megabit,EBS only,0.1445,Yes,0.0554 (62%)
r5b.large,2,16 GiB,Up to 10 Gigabit,EBS only,0.149,Yes,0.0525 (65%)
r5n.large,2,16 GiB,Up to 25 Gigabit,EBS only,0.149,Yes,0.0525 (65%)
t3a.xlarge,4,16 GiB,Up to 5 Gigabit,EBS only,0.1504,Yes,0.0565 (62%)
r6id.large,2,16 GiB,Up to 12500 Megabit,1 x 118 NVMe SSD,0.1512,Yes,0.0569 (62%)
r7a.large,2,16 GiB,Up to 12500 Megabit,EBS only,0.15215,Yes,0.0601 (61%)
c6a.xlarge,4,8 GiB,Up to 12500 Megabit,EBS only,0.153,Yes,0.0586 (62%)
c6gd.xlarge,4,8 GiB,Up to 10 Gigabit,1 x 237 NVMe SSD,0.1536,Yes,0.0578 (62%)
m6g.xlarge,4,16 GiB,Up to 10 Gigabit,EBS only,0.154,Yes,0.0583 (62%)
c5a.xlarge,4,8 GiB,Up to 10 Gigabit,EBS only,0.154,Yes,0.0579 (62%)
i4g.large,2,16 GiB,Up to 10 Gigabit,1 x 468 SSD,0.15444,Yes,0.0622 (60%)
i3.large,2,15.25 GiB,Up to 10 Gigabit,1 x 475 NVMe SSD,0.156,Yes,0.0660 (58%)
m6idn.large,2,8 GiB,Up to 25000 Megabit,1 x 118 NVMe SSD,0.15912,Yes,0.0538 (66%)
m7g.xlarge,4,16 GiB,Up to 12500 Megabit,EBS only,0.1632,Yes,0.0644 (61%)
m5zn.large,2,8 GiB,Up to 25 Gigabit,EBS only,0.1652,Yes,0.0621 (62%)
t3.xlarge,4,16 GiB,Up to 5 Gigabit,EBS only,0.1664,Yes,0.0626 (62%)
x2gd.large,2,32 GiB,Up to 10 Gigabit,1 x 118 SSD,0.167,Yes,0.0497 (70%)
r5dn.large,2,16 GiB,Up to 25 Gigabit,1 x 75 NVMe SSD,0.167,Yes,0.0592 (65%)
c5.xlarge,4,8 GiB,Up to 10 Gigabit,EBS only,0.17,Yes,0.0613 (64%)
c6i.xlarge,4,8 GiB,Up to 12500 Megabit,EBS only,0.17,Yes,0.0651 (62%)
c5ad.xlarge,4,8 GiB,Up to 10 Gigabit,1 x 150 NVMe SSD,0.172,Yes,0.0647 (62%)
m5a.xlarge,4,16 GiB,Up to 10 Gigabit,EBS only,0.172,Yes,0.0647 (62%)
i4i.large,2,16 GiB,Up to 10 Gigabit,1 x 468 NVMe SSD,0.172,Yes,0.0691 (60%)
c6gn.xlarge,4,8 GiB,Up to 25 Gigabit,EBS only,0.1728,Yes,0.0646 (63%)
m6a.xlarge,4,16 GiB,Up to 12500 Megabit,EBS only,0.1728,Yes,0.0682 (61%)
r6in.large,2,16 GiB,Up to 25000 Megabit,EBS only,0.17433,Yes,0.0615 (65%)
c7i.xlarge,4,8 GiB,Up to 12500 Megabit,EBS only,0.1785,Yes,0.0684 (62%)
m6gd.xlarge,4,16 GiB,Up to 10 Gigabit,1 x 237 NVMe SSD,0.1808,Yes,0.0680 (62%)
c7gd.xlarge,4,8 GiB,Up to 12500 Megabit,1 x 237 NVMe SSD,0.1814,Yes,0.0660 (64%)
im4gn.large,2,8 GiB,Up to 25 Gigabit,1 x 937 SSD,0.1819,Yes,0.0724 (60%)
t2.xlarge,4,16 GiB,Moderate,EBS only,0.1856,Yes,0.0698 (62%)
r7iz.large,2,16 GiB,Up to 12500 Megabit,EBS only,0.186,Yes,0.0667 (64%)
z1d.large,2,16 GiB,Up to 10 Gigabit,1 x 75 NVMe SSD,0.186,Yes,0.0667 (64%)
m7i-flex.xlarge,4,16 GiB,Up to 12500 Megabit,EBS only,0.19152,Yes,0.0756 (61%)
m6i.xlarge,4,16 GiB,Up to 12500 Megabit,EBS only,0.192,Yes,0.0758 (61%)
m5.xlarge,4,16 GiB,Up to 10 Gigabit,EBS only,0.192,Yes,0.0722 (62%)
c5d.xlarge,4,8 GiB,Up to 10 Gigabit,1 x 100 NVMe SSD,0.192,Yes,0.0694 (64%)
r6idn.large,2,16 GiB,Up to 25000 Megabit,1 x 118 NVMe SSD,0.19539,Yes,0.0693 (65%)
c4.xlarge,4,7.5 GiB,High,EBS only,0.199,Yes,0.0780 (61%)
m4.xlarge,4,16 GiB,High,EBS only,0.2,Yes,0.0752 (62%)
m7i.xlarge,4,16 GiB,Up to 12500 Megabit,EBS only,0.2016,Yes,0.0796 (61%)
c6id.xlarge,4,8 GiB,Up to 12500 Megabit,1 x 237 NVMe SSD,0.2016,Yes,0.0733 (64%)
r6g.xlarge,4,32 GiB,Up to 10 Gigabit,EBS only,0.2016,Yes,0.0758 (62%)
c7a.xlarge,4,8 GiB,Up to 12500 Megabit,EBS only,0.20528,Yes,0.0787 (62%)
m5ad.xlarge,4,16 GiB,Up to 10 Gigabit,1 x 150 NVMe SSD,0.206,Yes,0.0775 (62%)
m7gd.xlarge,4,16 GiB,Up to 12500 Megabit,1 x 237 NVMe SSD,0.2136,Yes,0.0803 (62%)
r7g.xlarge,4,32 GiB,Up to 12500 Megabit,EBS only,0.2142,Yes,0.0846 (61%)
c5n.xlarge,4,10.5 GiB,Up to 25 Gigabit,EBS only,0.216,Yes,0.0683 (68%)
r5a.xlarge,4,32 GiB,Up to 10 Gigabit,EBS only,0.226,Yes,0.0850 (62%)
i3en.large,2,16 GiB,Up to 25 Gigabit,1 x 1250 NVMe SSD,0.226,Yes,0.0856 (62%)
m5d.xlarge,4,16 GiB,Up to 10 Gigabit,1 x 150 NVMe SSD,0.226,Yes,0.0850 (62%)
c6in.xlarge,4,8 GiB,Up to 30000 Megabit,EBS only,0.2268,Yes,0.0717 (68%)
r6a.xlarge,4,32 GiB,Up to 12500 Megabit,EBS only,0.2268,Yes,0.0895 (61%)
inf1.xlarge,4,8 GiB,Up to 25 Gigabit,EBS only,0.228,Yes,0.0954 (58%)
r6gd.xlarge,4,32 GiB,Up to 10 Gigabit,1 x 237 NVMe SSD,0.2304,Yes,0.0866 (62%)
m7a.xlarge,4,16 GiB,Up to 12500 Megabit,EBS only,0.23184,Yes,0.0915 (61%)
m6id.xlarge,4,16 GiB,Up to 12500 Megabit,1 x 237 NVMe SSD,0.2373,Yes,0.0892 (62%)
m5n.xlarge,4,16 GiB,Up to 25 Gigabit,EBS only,0.238,Yes,0.0799 (66%)
c7gn.xlarge,4,8 GiB,Up to 40 Gigabit,EBS only,0.2496,Yes,0.0789 (68%)
r5.xlarge,4,32 GiB,Up to 10 Gigabit,EBS only,0.252,Yes,0.0947 (62%)
r6i.xlarge,4,32 GiB,Up to 12500 Megabit,EBS only,0.252,Yes,0.0995 (61%)
r5ad.xlarge,4,32 GiB,Up to 10 Gigabit,1 x 150 NVMe SSD,0.262,Yes,0.0985 (62%)
r7i.xlarge,4,32 GiB,Up to 12500 Megabit,EBS only,0.2646,Yes,0.1045 (61%)
r4.xlarge,4,30.5 GiB,Up to 10 Gigabit,EBS only,0.266,Yes,0.1000 (62%)
t4g.2xlarge,8,32 GiB,Up to 5 Gigabit,EBS only,0.2688,Yes,0.1010 (62%)
m5dn.xlarge,4,16 GiB,Up to 25 Gigabit,1 x 150 NVMe SSD,0.272,Yes,0.0920 (66%)
c6g.2xlarge,8,16 GiB,Up to 10 Gigabit,EBS only,0.272,Yes,0.1023 (62%)
r7gd.xlarge,4,32 GiB,Up to 12500 Megabit,1 x 237 NVMe SSD,0.2722,Yes,0.1024 (62%)
m6in.xlarge,4,16 GiB,Up to 30000 Megabit,EBS only,0.27846,Yes,0.0934 (66%)
r5d.xlarge,4,32 GiB,Up to 10 Gigabit,1 x 150 NVMe SSD,0.288,Yes,0.1083 (62%)
is4gen.large,2,12 GiB,Up to 25 Gigabit,1 x 1875 SSD,0.28815,Yes,0.1091 (62%)
c7g.2xlarge,8,16 GiB,Up to 15 Gigabit,EBS only,0.289,Yes,0.1108 (62%)
r5b.xlarge,4,32 GiB,Up to 10 Gigabit,EBS only,0.298,Yes,0.1051 (65%)
r5n.xlarge,4,32 GiB,Up to 25 Gigabit,EBS only,0.298,Yes,0.1051 (65%)
t3a.2xlarge,8,32 GiB,Up to 5 Gigabit,EBS only,0.3008,Yes,0.1131 (62%)
r6id.xlarge,4,32 GiB,Up to 12500 Megabit,1 x 237 NVMe SSD,0.3024,Yes,0.1137 (62%)
r7a.xlarge,4,32 GiB,Up to 12500 Megabit,EBS only,0.3043,Yes,0.1201 (61%)
c6a.2xlarge,8,16 GiB,Up to 12500 Megabit,EBS only,0.306,Yes,0.1172 (62%)
c6gd.2xlarge,8,16 GiB,Up to 10 Gigabit,1 x 475 NVMe SSD,0.3072,Yes,0.1155 (62%)
m6g.2xlarge,8,32 GiB,Up to 10 Gigabit,EBS only,0.308,Yes,0.1165 (62%)
c5a.2xlarge,8,16 GiB,Up to 10 Gigabit,EBS only,0.308,Yes,0.1158 (62%)
i4g.xlarge,4,32 GiB,Up to 10 Gigabit,1 x 937 SSD,0.30888,Yes,0.1244 (60%)
i3.xlarge,4,30.5 GiB,Up to 10 Gigabit,1 x 950 NVMe SSD,0.312,Yes,0.1320 (58%)
m6idn.xlarge,4,16 GiB,Up to 30000 Megabit,1 x 237 NVMe SSD,0.31824,Yes,0.1077 (66%)
m7g.2xlarge,8,32 GiB,Up to 15 Gigabit,EBS only,0.3264,Yes,0.1289 (61%)
m5zn.xlarge,4,16 GiB,Up to 25 Gigabit,EBS only,0.3303,Yes,0.1242 (62%)
t3.2xlarge,8,32 GiB,Up to 5 Gigabit,EBS only,0.3328,Yes,0.1251 (62%)
r5dn.xlarge,4,32 GiB,Up to 25 Gigabit,1 x 150 NVMe SSD,0.334,Yes,0.1184 (65%)
x2gd.xlarge,4,64 GiB,Up to 10 Gigabit,1 x 237 SSD,0.334,Yes,0.0993 (70%)
c6i.2xlarge,8,16 GiB,Up to 12500 Megabit,EBS only,0.34,Yes,0.1303 (62%)
c5.2xlarge,8,16 GiB,Up to 10 Gigabit,EBS only,0.34,Yes,0.1227 (64%)
i4i.xlarge,4,32 GiB,Up to 10 Gigabit,1 x 937 NVMe SSD,0.343,Yes,0.1382 (60%)
m5a.2xlarge,8,32 GiB,Up to 10 Gigabit,EBS only,0.344,Yes,0.1293 (62%)
c5ad.2xlarge,8,16 GiB,Up to 10 Gigabit,1 x 300 NVMe SSD,0.344,Yes,0.1293 (62%)
m6a.2xlarge,8,32 GiB,Up to 12500 Megabit,EBS only,0.3456,Yes,0.1365 (61%)
c6gn.2xlarge,8,16 GiB,Up to 25 Gigabit,EBS only,0.3456,Yes,0.1291 (63%)
r6in.xlarge,4,32 GiB,Up to 30000 Megabit,EBS only,0.34866,Yes,0.1229 (65%)
c7i.2xlarge,8,16 GiB,Up to 12500 Megabit,EBS only,0.357,Yes,0.1368 (62%)
m6gd.2xlarge,8,32 GiB,Up to 10 Gigabit,1 x 475 NVMe SSD,0.3616,Yes,0.1360 (62%)
inf1.2xlarge,8,16 GiB,Up to 25 Gigabit,EBS only,0.362,Yes,0.1514 (58%)
c7gd.2xlarge,8,16 GiB,Up to 15 Gigabit,1 x 475 NVMe SSD,0.3629,Yes,0.1320 (64%)
im4gn.xlarge,4,16 GiB,Up to 25 Gigabit,1 x 1875 SSD,0.36379,Yes,0.1447 (60%)
t2.2xlarge,8,32 GiB,Moderate,EBS only,0.3712,Yes,0.1396 (62%)
r7iz.xlarge,4,32 GiB,Up to 12500 Megabit,EBS only,0.372,Yes,0.1335 (64%)
z1d.xlarge,4,32 GiB,Up to 10 Gigabit,1 x 150 NVMe SSD,0.372,Yes,0.1335 (64%)
g4ad.xlarge,4,16 GiB,Up to 10 Gigabit,150 GB NVMe SSD,0.37853,Yes,0.1661 (56%)
m7i-flex.2xlarge,8,32 GiB,Up to 12500 Megabit,EBS only,0.38304,Yes,0.1513 (61%)
c5d.2xlarge,8,16 GiB,Up to 10 Gigabit,1 x 200 NVMe SSD,0.384,Yes,0.1387 (64%)
m5.2xlarge,8,32 GiB,Up to 10 Gigabit,EBS only,0.384,Yes,0.1444 (62%)
m6i.2xlarge,8,32 GiB,Up to 12500 Megabit,EBS only,0.384,Yes,0.1516 (61%)
r6idn.xlarge,4,32 GiB,Up to 30000 Megabit,1 x 237 NVMe SSD,0.39078,Yes,
c4.2xlarge,8,15 GiB,High,EBS only,0.398,Yes,0.1551 (61%)
m4.2xlarge,8,32 GiB,High,EBS only,0.4,Yes,0.1504 (62%)
c6id.2xlarge,8,16 GiB,Up to 12500 Megabit,1 x 474 NVMe SSD,0.4032,Yes,0.1467 (64%)
m7i.2xlarge,8,32 GiB,Up to 12500 Megabit,EBS only,0.4032,Yes,0.1592 (61%)
r6g.2xlarge,8,64 GiB,Up to 10 Gigabit,EBS only,0.4032,Yes,0.1516 (62%)
c7a.2xlarge,8,16 GiB,Up to 12500 Megabit,EBS only,0.41056,Yes,0.1573 (62%)
m5ad.2xlarge,8,32 GiB,Up to 10 Gigabit,1 x 300 NVMe SSD,0.412,Yes,0.1549 (62%)
m7gd.2xlarge,8,32 GiB,Up to 15 Gigabit,1 x 475 NVMe SSD,0.4271,Yes,0.1606 (62%)
r7g.2xlarge,8,64 GiB,Up to 15 Gigabit,EBS only,0.4284,Yes,0.1691 (61%)
c5n.2xlarge,8,21 GiB,Up to 25 Gigabit,EBS only,0.432,Yes,0.1365 (68%)
m5d.2xlarge,8,32 GiB,Up to 10 Gigabit,1 x 300 NVMe SSD,0.452,Yes,0.1699 (62%)
r5a.2xlarge,8,64 GiB,Up to 10 Gigabit,EBS only,0.452,Yes,0.1699 (62%)
i3en.xlarge,4,32 GiB,Up to 25 Gigabit,1 x 2500 NVMe SSD,0.452,Yes,0.1712 (62%)
c6in.2xlarge,8,16 GiB,Up to 40000 Megabit,EBS only,0.4536,Yes,0.1433 (68%)
r6a.2xlarge,8,64 GiB,Up to 12500 Megabit,EBS only,0.4536,Yes,0.1791 (61%)
r6gd.2xlarge,8,64 GiB,Up to 10 Gigabit,1 x 475 NVMe SSD,0.4608,Yes,0.1732 (62%)
m7a.2xlarge,8,32 GiB,Up to 12500 Megabit,EBS only,0.46368,Yes,0.1831 (61%)
h1.2xlarge,8,32 GiB,Up to 10 Gigabit,1 x 2000 HDD,0.468,Yes,0.1968 (58%)
m6id.2xlarge,8,32 GiB,Up to 12500 Megabit,1 x 474 NVMe SSD,0.4746,Yes,0.1785 (62%)
m5n.2xlarge,8,32 GiB,Up to 25 Gigabit,EBS only,0.476,Yes,0.1597 (66%)
d3.xlarge,4,32 GiB,Up to 15 Gigabit,3 x 2000 HDD,0.499,Yes,0.1878 (62%)
c7gn.2xlarge,8,16 GiB,Up to 50 Gigabit,EBS only,0.4992,Yes,0.1578 (68%)
r6i.2xlarge,8,64 GiB,Up to 12500 Megabit,EBS only,0.504,Yes,0.1990 (61%)
r5.2xlarge,8,64 GiB,Up to 10 Gigabit,EBS only,0.504,Yes,0.1895 (62%)
r5ad.2xlarge,8,64 GiB,Up to 10 Gigabit,1 x 300 NVMe SSD,0.524,Yes,0.1970 (62%)
g4dn.xlarge,4,16 GiB,Up to 25 Gigabit,125 GB NVMe SSD,0.526,Yes,0.1978 (62%)
r7i.2xlarge,8,64 GiB,Up to 12500 Megabit,EBS only,0.5292,Yes,0.2089 (61%)
r4.2xlarge,8,61 GiB,Up to 10 Gigabit,EBS only,0.532,Yes,0.2000 (62%)
g4ad.2xlarge,8,32 GiB,Up to 10 Gigabit,300 GB NVMe SSD,0.54117,Yes,0.2375 (56%)
m5dn.2xlarge,8,32 GiB,Up to 25 Gigabit,1 x 300 NVMe SSD,0.544,Yes,0.1841 (66%)
c6g.4xlarge,16,32 GiB,Up to 10 Gigabit,EBS only,0.544,Yes,0.2045 (62%)
r7gd.2xlarge,8,64 GiB,Up to 15 Gigabit,1 x 475 NVMe SSD,0.5443,Yes,0.2047 (62%)
m6in.2xlarge,8,32 GiB,Up to 40000 Megabit,EBS only,0.55692,Yes,0.1868 (66%)
r5d.2xlarge,8,64 GiB,Up to 10 Gigabit,1 x 300 NVMe SSD,0.576,Yes,0.2166 (62%)
is4gen.xlarge,4,24 GiB,Up to 25 Gigabit,1 x 3750 SSD,0.5763,Yes,0.2181 (62%)
c7g.4xlarge,16,32 GiB,Up to 15 Gigabit,EBS only,0.5781,Yes,0.2215 (62%)
r5b.2xlarge,8,64 GiB,Up to 10 Gigabit,EBS only,0.596,Yes,0.2101 (65%)
r5n.2xlarge,8,64 GiB,Up to 25 Gigabit,EBS only,0.596,Yes,0.2101 (65%)
r6id.2xlarge,8,64 GiB,Up to 12500 Megabit,1 x 474 NVMe SSD,0.6048,Yes,0.2275 (62%)
r7a.2xlarge,8,64 GiB,Up to 12500 Megabit,EBS only,0.6086,Yes,0.2403 (61%)
c6a.4xlarge,16,32 GiB,Up to 12500 Megabit,EBS only,0.612,Yes,0.2345 (62%)
c6gd.4xlarge,16,32 GiB,Up to 10 Gigabit,1 x 950 NVMe SSD,0.6144,Yes,0.2310 (62%)
c5a.4xlarge,16,32 GiB,Up to 10 Gigabit,EBS only,0.616,Yes,0.2316 (62%)
m6g.4xlarge,16,64 GiB,Up to 10 Gigabit,EBS only,0.616,Yes,0.2331 (62%)
i4g.2xlarge,8,64 GiB,Up to 12 Gigabit,1 x 1875 SSD,0.61776,Yes,0.2487 (60%)
i3.2xlarge,8,61 GiB,Up to 10 Gigabit,1 x 1900 NVMe SSD,0.624,Yes,0.2640 (58%)
m6idn.2xlarge,8,32 GiB,Up to 40000 Megabit,1 x 474 NVMe SSD,0.63648,Yes,0.2154 (66%)
m7g.4xlarge,16,64 GiB,Up to 15 Gigabit,EBS only,0.6528,Yes,0.2577 (61%)
m5zn.2xlarge,8,32 GiB,Up to 25 Gigabit,EBS only,0.6607,Yes,0.2484 (62%)
r5dn.2xlarge,8,64 GiB,Up to 25 Gigabit,1 x 300 NVMe SSD,0.668,Yes,
x2gd.2xlarge,8,128 GiB,Up to 10 Gigabit,1 x 474 SSD,0.668,Yes,0.1986 (70%)
c5.4xlarge,16,32 GiB,Up to 10 Gigabit,EBS only,0.68,Yes,0.2453 (64%)
c6i.4xlarge,16,32 GiB,Up to 12500 Megabit,EBS only,0.68,Yes,0.2606 (62%)
i4i.2xlarge,8,64 GiB,Up to 12 Gigabit,1 x 1875 NVMe SSD,0.686,Yes,0.2764 (60%)
m5a.4xlarge,16,64 GiB,Up to 10 Gigabit,EBS only,0.688,Yes,0.2587 (62%)
c5ad.4xlarge,16,32 GiB,Up to 10 Gigabit,2 x 300 NVMe SSD,0.688,Yes,0.2587 (62%)
c6gn.4xlarge,16,32 GiB,25 Gigabit,EBS only,0.6912,Yes,0.2583 (63%)
m6a.4xlarge,16,64 GiB,Up to 12500 Megabit,EBS only,0.6912,Yes,0.2729 (61%)
r6in.2xlarge,8,64 GiB,Up to 40000 Megabit,EBS only,0.69732,Yes,0.2457 (65%)
c7i.4xlarge,16,32 GiB,Up to 12500 Megabit,EBS only,0.714,Yes,0.2736 (62%)
m6gd.4xlarge,16,64 GiB,Up to 10 Gigabit,1 x 950 NVMe SSD,0.7232,Yes,0.2719 (62%)
c7gd.4xlarge,16,32 GiB,Up to 15 Gigabit,1 x 950 NVMe SSD,0.7258,Yes,0.2640 (64%)
im4gn.2xlarge,8,32 GiB,Up to 25 Gigabit,1 x 3750 SSD,0.72758,Yes,0.2895 (60%)
r7iz.2xlarge,8,64 GiB,Up to 12500 Megabit,EBS only,0.744,Yes,0.2670 (64%)
z1d.2xlarge,8,64 GiB,Up to 10 Gigabit,1 x 300 NVMe SSD,0.744,Yes,0.2670 (64%)
g3s.xlarge,4,30.5 GiB,10 Gigabit,EBS only,0.75,Yes,0.3807 (49%)
g4dn.2xlarge,8,32 GiB,Up to 25 Gigabit,225 GB NVMe SSD,0.752,Yes,0.2828 (62%)
inf2.xlarge,4,16 GiB,Up to 15 Gigabit,EBS only,0.7582,Yes,0.2851 (62%)
m7i-flex.4xlarge,16,64 GiB,Up to 12500 Megabit,EBS only,0.76608,Yes,0.3025 (61%)
m6i.4xlarge,16,64 GiB,Up to 12500 Megabit,EBS only,0.768,Yes,0.3032 (61%)
c5d.4xlarge,16,32 GiB,Up to 10 Gigabit,1 x 400 NVMe SSD,0.768,Yes,0.2775 (64%)
m5.4xlarge,16,64 GiB,Up to 10 Gigabit,EBS only,0.768,Yes,0.2888 (62%)
r6idn.2xlarge,8,64 GiB,Up to 40000 Megabit,1 x 474 NVMe SSD,0.78156,Yes,0.2770 (65%)
c4.4xlarge,16,30 GiB,High,EBS only,0.796,Yes,0.3102 (61%)
m4.4xlarge,16,64 GiB,High,EBS only,0.8,Yes,0.3008 (62%)
c6id.4xlarge,16,32 GiB,Up to 12500 Megabit,1 x 950 NVMe SSD,0.8064,Yes,0.2933 (64%)
r6g.4xlarge,16,128 GiB,Up to 10 Gigabit,EBS only,0.8064,Yes,0.3032 (62%)
m7i.4xlarge,16,64 GiB,Up to 12500 Megabit,EBS only,0.8064,Yes,0.3184 (61%)
c7a.4xlarge,16,32 GiB,Up to 12500 Megabit,EBS only,0.82112,Yes,0.3146 (62%)
m5ad.4xlarge,16,64 GiB,Up to 10 Gigabit,2 x 300 NVMe SSD,0.824,Yes,0.3098 (62%)
x2iedn.xlarge,4,128 GiB,Up to 25 Gigabit,1 x 118 NVMe SSD,0.83363,Yes,0.2327 (72%)
x1e.xlarge,4,122 GiB,Up to 10 Gigabit,1 x 120 SSD,0.834,Yes,0.2333 (72%)
m7gd.4xlarge,16,64 GiB,Up to 15 Gigabit,1 x 950 NVMe SSD,0.8543,Yes,0.3212 (62%)
r7g.4xlarge,16,128 GiB,Up to 15 Gigabit,EBS only,0.8568,Yes,0.3383 (61%)
c5n.4xlarge,16,42 GiB,Up to 25 Gigabit,EBS only,0.864,Yes,0.2731 (68%)
g4ad.4xlarge,16,64 GiB,Up to 10 Gigabit,600 GB NVMe SSD,0.867,Yes,0.3805 (56%)
p2.xlarge,4,61 GiB,High,EBS only,0.9,Yes,0.3995 (56%)
m5d.4xlarge,16,64 GiB,Up to 10 Gigabit,2 x 300 NVMe SSD,0.904,Yes,0.3399 (62%)
r5a.4xlarge,16,128 GiB,Up to 10 Gigabit,EBS only,0.904,Yes,0.3399 (62%)
i3en.2xlarge,8,64 GiB,Up to 25 Gigabit,2 x 2500 NVMe SSD,0.904,Yes,0.3424 (62%)
c6in.4xlarge,16,32 GiB,Up to 50000 Megabit,EBS only,0.9072,Yes,0.2867 (68%)
r6a.4xlarge,16,128 GiB,Up to 12500 Megabit,EBS only,0.9072,Yes,0.3582 (61%)
r6gd.4xlarge,16,128 GiB,Up to 10 Gigabit,1 x 950 NVMe SSD,0.9216,Yes,0.3465 (62%)
m7a.4xlarge,16,64 GiB,Up to 12500 Megabit,EBS only,0.92736,Yes,0.3661 (61%)
h1.4xlarge,16,64 GiB,Up to 10 Gigabit,2 x 2000 HDD,0.936,Yes,0.3935 (58%)
m6id.4xlarge,16,64 GiB,Up to 12500 Megabit,1 x 950 NVMe SSD,0.9492,Yes,0.3569 (62%)
m5n.4xlarge,16,64 GiB,Up to 25 Gigabit,EBS only,0.952,Yes,0.3195 (66%)
m5zn.3xlarge,12,48 GiB,Up to 25 Gigabit,EBS only,0.991,Yes,0.3726 (62%)
c7gn.4xlarge,16,32 GiB,50 Gigabit,EBS only,0.9984,Yes,0.3156 (68%)
d3.2xlarge,8,64 GiB,Up to 15 Gigabit,6 x 2000 HDD,0.999,Yes,
g5.xlarge,4,16 GiB,Up to 10 Gigabit,1 x 250 GB NVMe SSD,1.006,Yes,0.3783 (62%)
r6i.4xlarge,16,128 GiB,Up to 12500 Megabit,EBS only,1.008,Yes,0.3979 (61%)
r5.4xlarge,16,128 GiB,Up to 10 Gigabit,EBS only,1.008,Yes,0.3790 (62%)
r5ad.4xlarge,16,128 GiB,Up to 10 Gigabit,2 x 300 NVMe SSD,1.048,Yes,0.3941 (62%)
r7i.4xlarge,16,128 GiB,Up to 12500 Megabit,EBS only,1.0584,Yes,0.4178 (61%)
r4.4xlarge,16,122 GiB,Up to 10 Gigabit,EBS only,1.064,Yes,0.4001 (62%)
c6g.8xlarge,32,64 GiB,12 Gigabit,EBS only,1.088,Yes,0.4091 (62%)
m5dn.4xlarge,16,64 GiB,Up to 25 Gigabit,2 x 300 NVMe SSD,1.088,Yes,0.3682 (66%)
r7gd.4xlarge,16,128 GiB,Up to 15 Gigabit,1 x 950 NVMe SSD,1.0886,Yes,0.4095 (62%)
m6in.4xlarge,16,64 GiB,Up to 50000 Megabit,EBS only,1.11384,Yes,0.3737 (66%)
z1d.3xlarge,12,96 GiB,Up to 10 Gigabit,1 x 450 NVMe SSD,1.116,Yes,0.4006 (64%)
g3.4xlarge,16,122 GiB,Up to 10 Gigabit,EBS only,1.14,Yes,0.5057 (56%)
r5d.4xlarge,16,128 GiB,Up to 10 Gigabit,2 x 300 NVMe SSD,1.152,Yes,0.4331 (62%)
is4gen.2xlarge,8,48 GiB,Up to 25 Gigabit,1 x 7500 SSD,1.1526,Yes,0.4363 (62%)
c7g.8xlarge,32,64 GiB,15 Gigabit,EBS only,1.1562,Yes,0.4430 (62%)
inf1.6xlarge,24,48 GiB,25 Gigabit,EBS only,1.18,Yes,0.4937 (58%)
r5n.4xlarge,16,128 GiB,Up to 25 Gigabit,EBS only,1.192,Yes,0.4202 (65%)
r5b.4xlarge,16,128 GiB,Up to 10 Gigabit,EBS only,1.192,Yes,0.4202 (65%)
g4dn.4xlarge,16,64 GiB,Up to 25 Gigabit,225 GB NVMe SSD,1.204,Yes,0.4527 (62%)
r6id.4xlarge,16,128 GiB,Up to 12500 Megabit,1 x 950 NVMe SSD,1.2096,Yes,0.4549 (62%)
g5.2xlarge,8,32 GiB,Up to 10 Gigabit,1 x 450 GB NVMe SSD,1.212,Yes,0.4557 (62%)
r7a.4xlarge,16,128 GiB,Up to 12500 Megabit,EBS only,1.2172,Yes,0.4806 (61%)
c6a.8xlarge,32,64 GiB,12500 Megabit,EBS only,1.224,Yes,0.4690 (62%)
c6gd.8xlarge,32,64 GiB,12 Gigabit,1 x 1900 NVMe SSD,1.2288,Yes,0.4620 (62%)
c5a.8xlarge,32,64 GiB,10 Gigabit,EBS only,1.232,Yes,0.4632 (62%)
m6g.8xlarge,32,128 GiB,12 Gigabit,EBS only,1.232,Yes,0.4661 (62%)
i4g.4xlarge,16,128 GiB,Up to 25 Gigabit,1 x 3750 SSD,1.23552,Yes,0.4975 (60%)
i3.4xlarge,16,122 GiB,Up to 10 Gigabit,2 x 1900 NVMe SSD,1.248,Yes,0.5279 (58%)
m6idn.4xlarge,16,64 GiB,Up to 50000 Megabit,1 x 950 NVMe SSD,1.27296,Yes,0.4308 (66%)
m7g.8xlarge,32,128 GiB,15 Gigabit,EBS only,1.3056,Yes,0.5154 (61%)
r5dn.4xlarge,16,128 GiB,Up to 25 Gigabit,2 x 300 NVMe SSD,1.336,Yes,0.4734 (65%)
x2gd.4xlarge,16,256 GiB,Up to 10 Gigabit,1 x 950 SSD,1.336,Yes,0.3972 (70%)
trn1.2xlarge,8,32 GiB,12500 Megabit,1 x 475 NVMe SSD,1.34375,Yes,0.4459 (67%)
i3en.3xlarge,12,96 GiB,Up to 25 Gigabit,1 x 7500 NVMe SSD,1.356,Yes,0.5135 (62%)
c6i.8xlarge,32,64 GiB,12500 Megabit,EBS only,1.36,Yes,0.5211 (62%)
i4i.4xlarge,16,128 GiB,Up to 25 Gigabit,1 x 3750 NVMe SSD,1.373,Yes,0.5527 (60%)
c5ad.8xlarge,32,64 GiB,10 Gigabit,2 x 600 NVMe SSD,1.376,Yes,0.5174 (62%)
m5a.8xlarge,32,128 GiB,Up to 10 Gigabit,EBS only,1.376,Yes,0.5174 (62%)
c6gn.8xlarge,32,64 GiB,50 Gigabit,EBS only,1.3824,Yes,0.5166 (63%)
m6a.8xlarge,32,128 GiB,12500 Megabit,EBS only,1.3824,Yes,0.5458 (61%)
r6in.4xlarge,16,128 GiB,Up to 50000 Megabit,EBS only,1.39464,Yes,0.4915 (65%)
c7i.8xlarge,32,64 GiB,12500 Megabit,EBS only,1.428,Yes,0.5472 (62%)
m6gd.8xlarge,32,128 GiB,12 Gigabit,1 x 1900 NVMe SSD,1.4464,Yes,0.5438 (62%)
c7gd.8xlarge,32,64 GiB,15 Gigabit,1 x 1900 NVMe SSD,1.4515,Yes,0.5279 (64%)
im4gn.4xlarge,16,64 GiB,25 Gigabit,1 x 7500 SSD,1.45517,Yes,0.5790 (60%)
r7iz.4xlarge,16,128 GiB,Up to 12500 Megabit,EBS only,1.488,Yes,0.5341 (64%)
c5.9xlarge,36,72 GiB,10 Gigabit,EBS only,1.53,Yes,0.5520 (64%)
m7i-flex.8xlarge,32,128 GiB,Up to 12500 Megabit,EBS only,1.53216,Yes,0.6049 (61%)
m6i.8xlarge,32,128 GiB,12500 Megabit,EBS only,1.536,Yes,0.6064 (61%)
m5.8xlarge,32,128 GiB,10 Gigabit,EBS only,1.536,Yes,
r6idn.4xlarge,16,128 GiB,Up to 50000 Megabit,1 x 950 NVMe SSD,1.56312,Yes,0.5540 (65%)
c4.8xlarge,36,60 GiB,10 Gigabit,EBS only,1.591,Yes,0.6213 (61%)
m7i.8xlarge,32,128 GiB,12500 Megabit,EBS only,1.6128,Yes,0.6367 (61%)
r6g.8xlarge,32,256 GiB,12 Gigabit,EBS only,1.6128,Yes,0.6064 (62%)
c6id.8xlarge,32,64 GiB,12500 Megabit,1 x 1900 NVMe SSD,1.6128,Yes,0.5866 (64%)
g5.4xlarge,16,64 GiB,Up to 25 Gigabit,1 x 600 GB NVMe SSD,1.624,Yes,0.6106 (62%)
c6g.12xlarge,48,96 GiB,20 Gigabit,EBS only,1.632,Yes,0.6136 (62%)
c7a.8xlarge,32,64 GiB,12500 Megabit,EBS only,1.64224,Yes,0.6293 (62%)
m5ad.8xlarge,32,128 GiB,Up to 10 Gigabit,2 x 600 NVMe SSD,1.648,Yes,0.6196 (62%)
x2iedn.2xlarge,8,256 GiB,Up to 25 Gigabit,1 x 237 NVMe SSD,1.66725,Yes,0.4654 (72%)
x1e.2xlarge,8,244 GiB,Up to 10 Gigabit,1 x 240 SSD,1.668,Yes,0.4667 (72%)
m7gd.8xlarge,32,128 GiB,15 Gigabit,1 x 1900 NVMe SSD,1.7086,Yes,0.6424 (62%)
r7g.8xlarge,32,256 GiB,15 Gigabit,EBS only,1.7136,Yes,0.6765 (61%)
c5d.9xlarge,36,72 GiB,10 Gigabit,1 x 900 NVMe SSD,1.728,Yes,0.6243 (64%)
g4ad.8xlarge,32,128 GiB,15 Gigabit,1200 GB NVMe SSD,1.734,Yes,0.7610 (56%)
c7g.12xlarge,48,96 GiB,22500 Megabit,EBS only,1.7342,Yes,0.6645 (62%)
m5d.8xlarge,32,128 GiB,10 Gigabit,2 x 600 NVMe SSD,1.808,Yes,0.6798 (62%)
r5a.8xlarge,32,256 GiB,Up to 10 Gigabit,EBS only,1.808,Yes,0.6798 (62%)
c6in.8xlarge,32,64 GiB,50000 Megabit,EBS only,1.8144,Yes,0.5734 (68%)
r6a.8xlarge,32,256 GiB,12500 Megabit,EBS only,1.8144,Yes,0.7163 (61%)
c6a.12xlarge,48,96 GiB,18750 Megabit,EBS only,1.836,Yes,0.7035 (62%)
c6gd.12xlarge,48,96 GiB,20 Gigabit,2 x 1425 NVMe SSD,1.8432,Yes,0.6930 (62%)
r6gd.8xlarge,32,256 GiB,12 Gigabit,1 x 1900 NVMe SSD,1.8432,Yes,0.6930 (62%)
m6g.12xlarge,48,192 GiB,20 Gigabit,EBS only,1.848,Yes,0.6992 (62%)
c5a.12xlarge,48,96 GiB,12 Gigabit,EBS only,1.848,Yes,0.6949 (62%)
m7a.8xlarge,32,128 GiB,12500 Megabit,EBS only,1.85472,Yes,0.7322 (61%)
h1.8xlarge,32,128 GiB,10 Gigabit,4 x 2000 HDD,1.872,Yes,0.7871 (58%)
m6id.8xlarge,32,128 GiB,12500 Megabit,1 x 1900 NVMe SSD,1.8984,Yes,0.7138 (62%)
m5n.8xlarge,32,128 GiB,25 Gigabit,EBS only,1.904,Yes,0.6389 (66%)
c5n.9xlarge,36,96 GiB,50 Gigabit,EBS only,1.944,Yes,0.6143 (68%)
m7g.12xlarge,48,192 GiB,22500 Megabit,EBS only,1.9584,Yes,0.7732 (61%)
inf2.8xlarge,32,128 GiB,Up to 25 Gigabit,EBS only,1.96786,Yes,0.7399 (62%)
m5zn.6xlarge,24,96 GiB,50 Gigabit,EBS only,1.982,Yes,0.7452 (62%)
c7gn.8xlarge,32,64 GiB,100 Gigabit,EBS only,1.9968,Yes,0.6312 (68%)
d3.4xlarge,16,128 GiB,Up to 15 Gigabit,12 x 2000 HDD,1.998,Yes,0.7511 (62%)
m4.10xlarge,40,160 GiB,10 Gigabit,EBS only,2,Yes,0.7520 (62%)
r6i.8xlarge,32,256 GiB,12500 Megabit,EBS only,2.016,Yes,0.7959 (61%)
r5.8xlarge,32,256 GiB,10 Gigabit,EBS only,2.016,Yes,0.7580 (62%)
c5.12xlarge,48,96 GiB,12 Gigabit,EBS only,2.04,Yes,0.7440 (64%)
c6i.12xlarge,48,96 GiB,18750 Megabit,EBS only,2.04,Yes,0.7817 (62%)
m5a.12xlarge,48,192 GiB,10 Gigabit,EBS only,2.064,Yes,0.7761 (62%)
c5ad.12xlarge,48,96 GiB,12 Gigabit,2 x 900 NVMe SSD,2.064,Yes,0.7761 (62%)
c6gn.12xlarge,48,96 GiB,75 Gigabit,EBS only,2.0736,Yes,0.7748 (63%)
m6a.12xlarge,48,192 GiB,18750 Megabit,EBS only,2.0736,Yes,0.8186 (61%)
r5ad.8xlarge,32,256 GiB,Up to 10 Gigabit,2 x 600 NVMe SSD,2.096,Yes,0.7881 (62%)
r7i.8xlarge,32,256 GiB,12500 Megabit,EBS only,2.1168,Yes,0.8357 (61%)
r4.8xlarge,32,244 GiB,10 Gigabit,EBS only,2.128,Yes,0.8001 (62%)
c7i.12xlarge,48,96 GiB,18750 Megabit,EBS only,2.142,Yes,0.8208 (62%)
m6gd.12xlarge,48,192 GiB,20 Gigabit,2 x 1425 NVMe SSD,2.1696,Yes,0.8158 (62%)
g4dn.8xlarge,32,128 GiB,50 Gigabit,900 GB NVMe SSD,2.176,Yes,
c6g.metal,64,128 GiB,25 Gigabit,EBS only,2.176,Yes,0.8182 (62%)
m5dn.8xlarge,32,128 GiB,25 Gigabit,2 x 600 NVMe SSD,2.176,Yes,0.7363 (66%)
c6g.16xlarge,64,128 GiB,25 Gigabit,EBS only,2.176,Yes,0.8182 (62%)
c7gd.12xlarge,48,96 GiB,22500 Megabit,2 x 1425 NVMe SSD,2.1773,Yes,0.7919 (64%)
r7gd.8xlarge,32,256 GiB,15 Gigabit,1 x 1900 NVMe SSD,2.1773,Yes,0.8189 (62%)
m6in.8xlarge,32,128 GiB,50000 Megabit,EBS only,2.22768,Yes,0.7474 (66%)
z1d.6xlarge,24,192 GiB,10 Gigabit,1 x 900 NVMe SSD,2.232,Yes,0.8011 (64%)
g3.8xlarge,32,244 GiB,10 Gigabit,EBS only,2.28,Yes,1.0114 (56%)
m5.12xlarge,48,192 GiB,10 Gigabit,EBS only,2.304,Yes,0.8663 (62%)
m6i.12xlarge,48,192 GiB,18750 Megabit,EBS only,2.304,Yes,0.9096 (61%)
c5d.12xlarge,48,96 GiB,12 Gigabit,2 x 900 NVMe SSD,2.304,Yes,0.8421 (63%)
r5d.8xlarge,32,256 GiB,10 Gigabit,2 x 600 NVMe SSD,2.304,Yes,0.8663 (62%)
is4gen.4xlarge,16,96 GiB,25 Gigabit,2 x 7500 SSD,2.3052,Yes,0.8725 (62%)
c7g.16xlarge,64,128 GiB,30 Gigabit,EBS only,2.3123,Yes,0.8860 (62%)
c7g.metal,64,128 GiB,30 Gigabit,EBS only,2.3123,Yes,0.8860 (62%)
r5b.8xlarge,32,256 GiB,10 Gigabit,EBS only,2.384,Yes,0.8404 (65%)
r5n.8xlarge,32,256 GiB,25 Gigabit,EBS only,2.384,Yes,0.8404 (65%)
c6id.12xlarge,48,96 GiB,18750 Megabit,2 x 1425 NVMe SSD,2.4192,Yes,0.8798 (64%)
m7i.12xlarge,48,192 GiB,18750 Megabit,EBS only,2.4192,Yes,0.9551 (61%)
r6g.12xlarge,48,384 GiB,20 Gigabit,EBS only,2.4192,Yes,0.9096 (62%)
r6id.8xlarge,32,256 GiB,12500 Megabit,1 x 1900 NVMe SSD,2.4192,Yes,0.9099 (62%)
r7a.8xlarge,32,256 GiB,12500 Megabit,EBS only,2.4344,Yes,0.9611 (61%)
g5.8xlarge,32,128 GiB,25 Gigabit,1 x 900 GB NVMe SSD,2.448,Yes,0.9204 (62%)
c6a.16xlarge,64,128 GiB,25000 Megabit,EBS only,2.448,Yes,0.9381 (62%)
c6gd.metal,64,128 GiB,25 Gigabit,2 x 1900 NVMe SSD,2.4576,Yes,0.9240 (62%)
c6gd.16xlarge,64,128 GiB,25 Gigabit,2 x 1900 NVMe SSD,2.4576,Yes,0.9240 (62%)
c7a.12xlarge,48,96 GiB,18750 Megabit,EBS only,2.46336,Yes,0.9439 (62%)
m6g.16xlarge,64,256 GiB,25 Gigabit,EBS only,2.464,Yes,0.9323 (62%)
c5a.16xlarge,64,128 GiB,20 Gigabit,EBS only,2.464,Yes,0.9264 (62%)
m6g.metal,64,256 GiB,25 Gigabit,EBS only,2.464,Yes,0.9323 (62%)
i4g.8xlarge,32,256 GiB,18750 Megabit,2 x 3750 SSD,2.47104,Yes,0.9949 (60%)
m5ad.12xlarge,48,192 GiB,10 Gigabit,2 x 900 NVMe SSD,2.472,Yes,0.9295 (62%)
i3.8xlarge,32,244 GiB,10 Gigabit,4 x 1900 NVMe SSD,2.496,Yes,1.0558 (58%)
m6idn.8xlarge,32,128 GiB,50000 Megabit,1 x 1900 NVMe SSD,2.54592,Yes,0.8615 (66%)
m7gd.12xlarge,48,192 GiB,22500 Megabit,2 x 1425 NVMe SSD,2.5628,Yes,0.9636 (62%)
r7g.12xlarge,48,384 GiB,22500 Megabit,EBS only,2.5704,Yes,1.0148 (61%)
m7g.16xlarge,64,256 GiB,30 Gigabit,EBS only,2.6112,Yes,1.0309 (61%)
m7g.metal,64,256 GiB,30 Gigabit,EBS only,2.6112,Yes,1.0309 (61%)
x2gd.8xlarge,32,512 GiB,12 Gigabit,1 x 1900 SSD,2.672,Yes,0.7944 (70%)
r5dn.8xlarge,32,256 GiB,25 Gigabit,2 x 600 NVMe SSD,2.672,Yes,0.9469 (65%)
r5a.12xlarge,48,384 GiB,10 Gigabit,EBS only,2.712,Yes,1.0197 (62%)
m5d.12xlarge,48,192 GiB,10 Gigabit,2 x 900 NVMe SSD,2.712,Yes,1.0197 (62%)
i3en.6xlarge,24,192 GiB,25 Gigabit,2 x 7500 NVMe SSD,2.712,Yes,1.0271 (62%)
c6i.16xlarge,64,128 GiB,25000 Megabit,EBS only,2.72,Yes,1.0423 (62%)
c6in.12xlarge,48,96 GiB,75000 Megabit,EBS only,2.7216,Yes,0.8601 (68%)
r6a.12xlarge,48,384 GiB,18750 Megabit,EBS only,2.7216,Yes,1.0745 (61%)
i4i.8xlarge,32,256 GiB,18750 Megabit,2 x 3750 NVMe SSD,2.746,Yes,1.1054 (60%)
m5a.16xlarge,64,256 GiB,12 Gigabit,EBS only,2.752,Yes,1.0347 (62%)
c5ad.16xlarge,64,128 GiB,20 Gigabit,2 x 1200 NVMe SSD,2.752,Yes,1.0347 (62%)
c6gn.16xlarge,64,128 GiB,100 Gigabit,EBS only,2.7648,Yes,
m6a.16xlarge,64,256 GiB,25000 Megabit,EBS only,2.7648,Yes,1.0916 (61%)
r6gd.12xlarge,48,384 GiB,20 Gigabit,2 x 1425 NVMe SSD,2.7648,Yes,1.0396 (62%)
m7a.12xlarge,48,192 GiB,18750 Megabit,EBS only,2.78208,Yes,1.0984 (61%)
r6in.8xlarge,32,256 GiB,50000 Megabit,EBS only,2.78928,Yes,0.9830 (65%)
m6id.12xlarge,48,192 GiB,18750 Megabit,2 x 1425 NVMe SSD,2.8476,Yes,1.0707 (62%)
c7i.16xlarge,64,128 GiB,25000 Megabit,EBS only,2.856,Yes,1.0944 (62%)
m5n.12xlarge,48,192 GiB,50 Gigabit,EBS only,2.856,Yes,0.9584 (66%)
hpc6a.48xlarge,96,384 GiB,100 Gigabit,EBS only,2.88,Yes,1.3536 (53%)
m6gd.16xlarge,64,256 GiB,25 Gigabit,2 x 1900 NVMe SSD,2.8928,Yes,1.0877 (62%)
m6gd.metal,64,256 GiB,25 Gigabit,2 x 1900 NVMe SSD,2.8928,Yes,1.0877 (62%)
c7gd.16xlarge,64,128 GiB,30 Gigabit,2 x 1900 NVMe SSD,2.903,Yes,1.0558 (64%)
im4gn.8xlarge,32,128 GiB,50 Gigabit,2 x 7500 SSD,2.91034,Yes,1.1581 (60%)
r7iz.8xlarge,32,256 GiB,12500 Megabit,EBS only,2.976,Yes,1.0682 (64%)
c7gn.12xlarge,48,96 GiB,150 Gigabit,EBS only,2.9952,Yes,0.9468 (68%)
r5.12xlarge,48,384 GiB,10 Gigabit,EBS only,3.024,Yes,1.1370 (62%)
r6i.12xlarge,48,384 GiB,18750 Megabit,EBS only,3.024,Yes,1.1939 (61%)
c5.18xlarge,72,144 GiB,25 Gigabit,EBS only,3.06,Yes,1.1040 (64%)
p3.2xlarge,8,61 GiB,Up to 10 Gigabit,EBS only,3.06,Yes,0.9854 (68%)
m5.16xlarge,64,256 GiB,20 Gigabit,EBS only,3.072,Yes,1.1551 (62%)
m6i.16xlarge,64,256 GiB,25000 Megabit,EBS only,3.072,Yes,1.2128 (61%)
r6idn.8xlarge,32,256 GiB,50000 Megabit,1 x 1900 NVMe SSD,3.12624,Yes,1.1079 (65%)
r5ad.12xlarge,48,384 GiB,10 Gigabit,2 x 900 NVMe SSD,3.144,Yes,1.1822 (62%)
r7i.12xlarge,48,384 GiB,18750 Megabit,EBS only,3.1752,Yes,1.2536 (61%)
m4.16xlarge,64,256 GiB,20 Gigabit,EBS only,3.2,Yes,1.2032 (62%)
r6g.16xlarge,64,512 GiB,25 Gigabit,EBS only,3.2256,Yes,1.2128 (62%)
m7i.16xlarge,64,256 GiB,25000 Megabit,EBS only,3.2256,Yes,1.2735 (61%)
c6id.16xlarge,64,128 GiB,25000 Megabit,2 x 1900 NVMe SSD,3.2256,Yes,1.1731 (64%)
r6g.metal,64,512 GiB,25 Gigabit,EBS only,3.2256,Yes,1.2128 (62%)
m5dn.12xlarge,48,192 GiB,50 Gigabit,2 x 900 GB NVMe SSD,3.264,Yes,1.1045 (66%)
r7gd.12xlarge,48,384 GiB,22500 Megabit,2 x 1425 NVMe SSD,3.2659,Yes,1.2284 (62%)
c7a.16xlarge,64,128 GiB,25000 Megabit,EBS only,3.28448,Yes,1.2586 (62%)
m5ad.16xlarge,64,256 GiB,12 Gigabit,4 x 600 NVMe SSD,3.296,Yes,1.2393 (62%)
x2iedn.4xlarge,16,512 GiB,Up to 25 Gigabit,1 x 475 NVMe SSD,3.3345,Yes,0.9309 (72%)
x1e.4xlarge,16,488 GiB,Up to 10 Gigabit,1 x 480 SSD,3.336,Yes,0.9334 (72%)
m6in.12xlarge,48,192 GiB,75000 Megabit,EBS only,3.34152,Yes,1.1210 (66%)
m7gd.16xlarge,64,256 GiB,30 Gigabit,2 x 1900 NVMe SSD,3.4171,Yes,1.2849 (62%)
r7g.16xlarge,64,512 GiB,30 Gigabit,EBS only,3.4272,Yes,1.3530 (61%)
r7g.metal,64,512 GiB,30 Gigabit,EBS only,3.4272,Yes,1.3530 (61%)
c5d.18xlarge,72,144 GiB,25 Gigabit,2 x 900 NVMe SSD,3.456,Yes,1.2486 (64%)
r5d.12xlarge,48,384 GiB,10 Gigabit,2 x 900 NVMe SSD,3.456,Yes,1.2995 (62%)
g4ad.16xlarge,64,256 GiB,25 Gigabit,2400 GB NVMe SSD,3.468,Yes,1.5219 (56%)
r5b.12xlarge,48,384 GiB,10 Gigabit,EBS only,3.576,Yes,1.2605 (65%)
r5n.12xlarge,48,384 GiB,50 Gigabit,EBS only,3.576,Yes,1.2605 (65%)
m5d.16xlarge,64,256 GiB,20 Gigabit,4 x 600 NVMe SSD,3.616,Yes,1.3596 (62%)
r5a.16xlarge,64,512 GiB,12 Gigabit,EBS only,3.616,Yes,1.3596 (62%)
r6a.16xlarge,64,512 GiB,25000 Megabit,EBS only,3.6288,Yes,1.4326 (61%)
c6in.16xlarge,64,128 GiB,100000 Megabit,EBS only,3.6288,Yes,1.1468 (68%)
r6id.12xlarge,48,384 GiB,18750 Megabit,2 x 1425 NVMe SSD,3.6288,Yes,1.3649 (62%)
r7a.12xlarge,48,384 GiB,18750 Megabit,EBS only,3.6516,Yes,1.4417 (61%)
c6a.24xlarge,96,192 GiB,37500 Megabit,EBS only,3.672,Yes,
r6gd.16xlarge,64,512 GiB,25 Gigabit,2 x 1900 NVMe SSD,3.6864,Yes,1.3861 (62%)
r6gd.metal,64,512 GiB,25 Gigabit,2 x 1900 NVMe SSD,3.6864,Yes,1.3861 (62%)
c5a.24xlarge,96,192 GiB,20 Gigabit,EBS only,3.696,Yes,1.3897 (62%)
m7a.16xlarge,64,256 GiB,25000 Megabit,EBS only,3.70944,Yes,1.4645 (61%)
h1.16xlarge,64,256 GiB,25 Gigabit,8 x 2000 HDD,3.744,Yes,1.5741 (58%)
m6id.16xlarge,64,256 GiB,25000 Megabit,2 x 1900 NVMe SSD,3.7968,Yes,1.4276 (62%)
m5n.16xlarge,64,256 GiB,75 Gigabit,EBS only,3.808,Yes,1.2779 (66%)
m6idn.12xlarge,48,192 GiB,75000 Megabit,2 x 1425 NVMe SSD,3.81888,Yes,1.2923 (66%)
c5n.metal,72,192 GiB,100 Gigabit,EBS only,3.888,Yes,1.2287 (68%)
c5n.18xlarge,72,192 GiB,100 Gigabit,EBS only,3.888,Yes,1.2287 (68%)
g4dn.12xlarge,48,192 GiB,50 Gigabit,900 GB NVMe SSD,3.912,Yes,1.4709 (62%)
m5zn.12xlarge,48,192 GiB,100 Gigabit,EBS only,3.9641,Yes,1.4905 (62%)
m5zn.metal,48,192 GiB,100 Gigabit,EBS only,3.9641,Yes,1.4905 (62%)
c7gn.16xlarge,64,128 GiB,200 Gigabit,EBS only,3.9936,Yes,1.2625 (68%)
d3.8xlarge,32,256 GiB,25 Gigabit,24 x 2000 HDD,3.99552,Yes,1.5023 (62%)
x2gd.12xlarge,48,768 GiB,20 Gigabit,2 x 1425 SSD,4.008,Yes,1.1917 (70%)
r5dn.12xlarge,48,384 GiB,50 Gigabit,2 x 900 GB NVMe SSD,4.008,Yes,1.4204 (65%)
r5.16xlarge,64,512 GiB,20 Gigabit,EBS only,4.032,Yes,1.5160 (62%)
r6i.16xlarge,64,512 GiB,25000 Megabit,EBS only,4.032,Yes,1.5918 (61%)
c6i.24xlarge,96,192 GiB,37500 Megabit,EBS only,4.08,Yes,1.5634 (62%)
c5.24xlarge,96,192 GiB,25 Gigabit,EBS only,4.08,Yes,1.4881 (64%)
c5.metal,96,192 GiB,25 Gigabit,EBS only,4.08,Yes,1.4881 (64%)
g5.16xlarge,64,256 GiB,25 Gigabit,1 x 1900 GB NVMe SSD,4.096,Yes,1.5401 (62%)
i4i.12xlarge,48,384 GiB,28125 Megabit,3 x 3750 NVMe SSD,4.118,Yes,1.6581 (60%)
m5a.24xlarge,96,384 GiB,20 Gigabit,EBS only,4.128,Yes,1.5521 (62%)
c5ad.24xlarge,96,192 GiB,20 Gigabit,2 x 1900 NVMe SSD,4.128,Yes,1.5521 (62%)
m6a.24xlarge,96,384 GiB,37500 Megabit,EBS only,4.1472,Yes,1.6373 (61%)
r6in.12xlarge,48,384 GiB,75000 Megabit,EBS only,4.18392,Yes,1.4744 (65%)
r5ad.16xlarge,64,512 GiB,12 Gigabit,4 x 600 NVMe SSD,4.192,Yes,1.5762 (62%)
r7i.16xlarge,64,512 GiB,25000 Megabit,EBS only,4.2336,Yes,1.6714 (61%)
r4.16xlarge,64,488 GiB,20 Gigabit,EBS only,4.256,Yes,1.6003 (62%)
c7i.24xlarge,96,192 GiB,37500 Megabit,EBS only,4.284,Yes,1.6416 (62%)
c7i.metal-24xl,96,192 GiB,37500 Megabit,EBS only,4.284,Yes,1.6416 (62%)
m5dn.16xlarge,64,256 GiB,75 Gigabit,4 x 600 NVMe SSD,4.352,Yes,1.4727 (66%)
g4dn.16xlarge,64,256 GiB,50 Gigabit,900 GB NVMe SSD,4.352,Yes,1.6363 (62%)
r7gd.16xlarge,64,512 GiB,30 Gigabit,2 x 1900 NVMe SSD,4.3546,Yes,1.6379 (62%)
m6in.16xlarge,64,256 GiB,100000 Megabit,EBS only,4.45536,Yes,1.4947 (66%)
z1d.metal,48,384 GiB,25 Gigabit,2 x 900 NVMe SSD,4.464,Yes,1.6022 (64%)
r7iz.12xlarge,48,384 GiB,25000 Megabit,EBS only,4.464,Yes,1.6022 (64%)
z1d.12xlarge,48,384 GiB,25 Gigabit,2 x 900 NVMe SSD,4.464,Yes,1.6022 (64%)
g3.16xlarge,64,488 GiB,20 Gigabit,EBS only,4.56,Yes,2.0228 (56%)
m6i.24xlarge,96,384 GiB,37500 Megabit,EBS only,4.608,Yes,1.8193 (61%)
m5.24xlarge,96,384 GiB,25 Gigabit,EBS only,4.608,Yes,1.7326 (62%)
m5.metal,96,384 GiB,25 Gigabit,EBS only,4.608,Yes,1.7326 (62%)
c5d.metal,96,192 GiB,25 Gigabit,4 x 900 NVMe SSD,4.608,Yes,1.6842 (63%)
r5d.16xlarge,64,512 GiB,20 Gigabit,4 x 600 NVMe SSD,4.608,Yes,1.7326 (62%)
c5d.24xlarge,96,192 GiB,25 Gigabit,4 x 900 NVMe SSD,4.608,Yes,1.6842 (63%)
is4gen.8xlarge,32,192 GiB,50 Gigabit,4 x 7500 SSD,4.6104,Yes,1.7450 (62%)
r6idn.12xlarge,48,384 GiB,75000 Megabit,2 x 1425 NVMe SSD,4.68936,Yes,1.6618 (65%)
inf1.24xlarge,96,192 GiB,100 Gigabit,EBS only,4.721,Yes,